doc_id,title,topic,source,source_slug,url,published_at,author,keywords,summary,content,outlink_urls
DOC001,Information Retrieval: Hits for Research Lab,Information Retrieval,Research Lab,research-lab,research-lab/information-retrieval-research-lab-1.html,2025-01-02,Editorial Desk Research Lab,"indexing, ranking, query processing, relevance feedback, BM25, PageRank","A practical overview of HITS, relevance feedback and indexing for information retrieval.","A repeated emphasis on search evaluation helps the system surface documents that are both relevant and comparable. The example also shows how BM25 can be measured, ranked, and used for recommendation. In the demo, query processing and PageRank appear across titles, metadata, and body text to support retrieval experiments. This information retrieval briefing connects HITS with relevance feedback in a practical workflow. The article explains how indexing influences ranking and why careful indexing improves search quality.

A repeated emphasis on ranking helps the system surface documents that are both relevant and comparable. The article explains how BM25 influences search evaluation and why careful indexing improves search quality. The example also shows how indexing can be measured, ranked, and used for recommendation. In the demo, relevance feedback and HITS appear across titles, metadata, and body text to support retrieval experiments. This information retrieval briefing connects PageRank with query processing in a practical workflow.",research-lab/information-retrieval-research-lab-2.html | industry-news/information-retrieval-industry-news-1.html | industry-news/information-retrieval-industry-news-2.html | industry-news/renewable-energy-industry-news-2.html | research-lab/renewable-energy-research-lab-2.html | knowledge-hub/artificial-intelligence-knowledge-hub-2.html
DOC002,Information Retrieval: Indexing for Research Lab,Information Retrieval,Research Lab,research-lab,research-lab/information-retrieval-research-lab-2.html,2025-01-03,Editorial Desk Research Lab,"indexing, ranking, query processing, relevance feedback, BM25, PageRank","A practical overview of indexing, search evaluation and PageRank for information retrieval.","The example also shows how BM25 can be measured, ranked, and used for recommendation. In the demo, ranking and relevance feedback appear across titles, metadata, and body text to support retrieval experiments. This information retrieval briefing connects indexing with search evaluation in a practical workflow. A repeated emphasis on query processing helps the system surface documents that are both relevant and comparable. The article explains how PageRank influences HITS and why careful indexing improves search quality.

This information retrieval briefing connects relevance feedback with ranking in a practical workflow. The article explains how BM25 influences query processing and why careful indexing improves search quality. The example also shows how PageRank can be measured, ranked, and used for recommendation. A repeated emphasis on HITS helps the system surface documents that are both relevant and comparable. In the demo, search evaluation and indexing appear across titles, metadata, and body text to support retrieval experiments.",research-lab/information-retrieval-research-lab-1.html | industry-news/information-retrieval-industry-news-1.html | industry-news/information-retrieval-industry-news-2.html | knowledge-hub/renewable-energy-knowledge-hub-1.html | research-lab/information-retrieval-research-lab-2.html | knowledge-hub/agritech-and-farming-knowledge-hub-2.html
DOC003,Information Retrieval: Relevance Feedback for Industry News,Information Retrieval,Industry News,industry-news,industry-news/information-retrieval-industry-news-1.html,2025-01-04,Editorial Desk Industry News,"indexing, ranking, query processing, relevance feedback, BM25, PageRank","A practical overview of relevance feedback, indexing and HITS for information retrieval.","The example also shows how query processing can be measured, ranked, and used for recommendation. In the demo, PageRank and search evaluation appear across titles, metadata, and body text to support retrieval experiments. This information retrieval briefing connects relevance feedback with indexing in a practical workflow. A repeated emphasis on BM25 helps the system surface documents that are both relevant and comparable. The article explains how HITS influences ranking and why careful indexing improves search quality.

This information retrieval briefing connects search evaluation with PageRank in a practical workflow. The article explains how query processing influences BM25 and why careful indexing improves search quality. The example also shows how HITS can be measured, ranked, and used for recommendation. A repeated emphasis on ranking helps the system surface documents that are both relevant and comparable. In the demo, indexing and relevance feedback appear across titles, metadata, and body text to support retrieval experiments.",research-lab/information-retrieval-research-lab-1.html | research-lab/information-retrieval-research-lab-2.html | industry-news/information-retrieval-industry-news-2.html | industry-news/information-retrieval-industry-news-1.html | industry-news/information-retrieval-industry-news-2.html | industry-news/healthcare-analytics-industry-news-1.html
DOC004,Information Retrieval: Pagerank for Industry News,Information Retrieval,Industry News,industry-news,industry-news/information-retrieval-industry-news-2.html,2025-01-05,Editorial Desk Industry News,"indexing, ranking, query processing, relevance feedback, BM25, PageRank","A practical overview of PageRank, search evaluation and relevance feedback for information retrieval.","In the demo, HITS and BM25 appear across titles, metadata, and body text to support retrieval experiments. This information retrieval briefing connects PageRank with search evaluation in a practical workflow. The example also shows how ranking can be measured, ranked, and used for recommendation. The article explains how relevance feedback influences indexing and why careful indexing improves search quality. A repeated emphasis on query processing helps the system surface documents that are both relevant and comparable.

The example also shows how relevance feedback can be measured, ranked, and used for recommendation. This information retrieval briefing connects BM25 with HITS in a practical workflow. In the demo, search evaluation and PageRank appear across titles, metadata, and body text to support retrieval experiments. A repeated emphasis on indexing helps the system surface documents that are both relevant and comparable. The article explains how ranking influences query processing and why careful indexing improves search quality.",research-lab/information-retrieval-research-lab-1.html | research-lab/information-retrieval-research-lab-2.html | industry-news/information-retrieval-industry-news-1.html | industry-news/agritech-and-farming-industry-news-1.html | industry-news/artificial-intelligence-industry-news-2.html | research-lab/information-retrieval-research-lab-2.html
DOC005,Information Retrieval: Relevance Feedback for Knowledge Hub,Information Retrieval,Knowledge Hub,knowledge-hub,knowledge-hub/information-retrieval-knowledge-hub-1.html,2025-01-06,Editorial Desk Knowledge Hub,"indexing, ranking, query processing, relevance feedback, BM25, PageRank","A practical overview of relevance feedback, query processing and ranking for information retrieval.","In the demo, BM25 and indexing appear across titles, metadata, and body text to support retrieval experiments. This information retrieval briefing connects relevance feedback with query processing in a practical workflow. The example also shows how HITS can be measured, ranked, and used for recommendation. The article explains how ranking influences PageRank and why careful indexing improves search quality. A repeated emphasis on search evaluation helps the system surface documents that are both relevant and comparable.

The example also shows how ranking can be measured, ranked, and used for recommendation. This information retrieval briefing connects indexing with BM25 in a practical workflow. In the demo, query processing and relevance feedback appear across titles, metadata, and body text to support retrieval experiments. A repeated emphasis on PageRank helps the system surface documents that are both relevant and comparable. The article explains how HITS influences search evaluation and why careful indexing improves search quality.",research-lab/information-retrieval-research-lab-1.html | research-lab/information-retrieval-research-lab-2.html | industry-news/information-retrieval-industry-news-1.html | knowledge-hub/artificial-intelligence-knowledge-hub-2.html | knowledge-hub/information-retrieval-knowledge-hub-1.html | industry-news/finance-intelligence-industry-news-1.html
DOC006,Information Retrieval: Indexing for Knowledge Hub,Information Retrieval,Knowledge Hub,knowledge-hub,knowledge-hub/information-retrieval-knowledge-hub-2.html,2025-01-07,Editorial Desk Knowledge Hub,"indexing, ranking, query processing, relevance feedback, BM25, PageRank","A practical overview of indexing, search evaluation and BM25 for information retrieval.","The example also shows how HITS can be measured, ranked, and used for recommendation. A repeated emphasis on ranking helps the system surface documents that are both relevant and comparable. The article explains how BM25 influences relevance feedback and why careful indexing improves search quality. This information retrieval briefing connects indexing with search evaluation in a practical workflow. In the demo, PageRank and query processing appear across titles, metadata, and body text to support retrieval experiments.

A repeated emphasis on relevance feedback helps the system surface documents that are both relevant and comparable. This information retrieval briefing connects query processing with PageRank in a practical workflow. The article explains how HITS influences ranking and why careful indexing improves search quality. In the demo, search evaluation and indexing appear across titles, metadata, and body text to support retrieval experiments. The example also shows how BM25 can be measured, ranked, and used for recommendation.",research-lab/information-retrieval-research-lab-1.html | research-lab/information-retrieval-research-lab-2.html | industry-news/information-retrieval-industry-news-1.html | knowledge-hub/artificial-intelligence-knowledge-hub-1.html | industry-news/renewable-energy-industry-news-1.html | research-lab/healthcare-analytics-research-lab-2.html
DOC007,Artificial Intelligence: Inference for Research Lab,Artificial Intelligence,Research Lab,research-lab,research-lab/artificial-intelligence-research-lab-1.html,2025-01-08,Editorial Desk Research Lab,"machine learning, transformer, classification, features, inference, optimization","A practical overview of inference, features and transformer for artificial intelligence.","A repeated emphasis on classification helps the system surface documents that are both relevant and comparable. The example also shows how prediction can be measured, ranked, and used for recommendation. In the demo, knowledge graph and optimization appear across titles, metadata, and body text to support retrieval experiments. This artificial intelligence briefing connects inference with features in a practical workflow. The article explains how transformer influences machine learning and why careful indexing improves search quality.

A repeated emphasis on machine learning helps the system surface documents that are both relevant and comparable. The article explains how prediction influences classification and why careful indexing improves search quality. The example also shows how transformer can be measured, ranked, and used for recommendation. In the demo, features and inference appear across titles, metadata, and body text to support retrieval experiments. This artificial intelligence briefing connects optimization with knowledge graph in a practical workflow.",research-lab/artificial-intelligence-research-lab-2.html | industry-news/artificial-intelligence-industry-news-1.html | industry-news/artificial-intelligence-industry-news-2.html | industry-news/artificial-intelligence-industry-news-1.html | research-lab/healthcare-analytics-research-lab-2.html | knowledge-hub/artificial-intelligence-knowledge-hub-2.html
DOC008,Artificial Intelligence: Features for Research Lab,Artificial Intelligence,Research Lab,research-lab,research-lab/artificial-intelligence-research-lab-2.html,2025-01-09,Editorial Desk Research Lab,"machine learning, transformer, classification, features, inference, optimization","A practical overview of features, prediction and optimization for artificial intelligence.","The example also shows how transformer can be measured, ranked, and used for recommendation. In the demo, machine learning and classification appear across titles, metadata, and body text to support retrieval experiments. This artificial intelligence briefing connects features with prediction in a practical workflow. A repeated emphasis on knowledge graph helps the system surface documents that are both relevant and comparable. The article explains how optimization influences inference and why careful indexing improves search quality.

This artificial intelligence briefing connects classification with machine learning in a practical workflow. The article explains how transformer influences knowledge graph and why careful indexing improves search quality. The example also shows how optimization can be measured, ranked, and used for recommendation. A repeated emphasis on inference helps the system surface documents that are both relevant and comparable. In the demo, prediction and features appear across titles, metadata, and body text to support retrieval experiments.",research-lab/artificial-intelligence-research-lab-1.html | industry-news/artificial-intelligence-industry-news-1.html | industry-news/artificial-intelligence-industry-news-2.html | industry-news/artificial-intelligence-industry-news-1.html | research-lab/agritech-and-farming-research-lab-1.html | research-lab/information-retrieval-research-lab-1.html
DOC009,Artificial Intelligence: Transformer for Industry News,Artificial Intelligence,Industry News,industry-news,industry-news/artificial-intelligence-industry-news-1.html,2025-01-10,Editorial Desk Industry News,"machine learning, transformer, classification, features, inference, optimization","A practical overview of transformer, features and prediction for artificial intelligence.","The example also shows how optimization can be measured, ranked, and used for recommendation. In the demo, classification and machine learning appear across titles, metadata, and body text to support retrieval experiments. This artificial intelligence briefing connects transformer with features in a practical workflow. A repeated emphasis on inference helps the system surface documents that are both relevant and comparable. The article explains how prediction influences knowledge graph and why careful indexing improves search quality.

This artificial intelligence briefing connects machine learning with classification in a practical workflow. The article explains how optimization influences inference and why careful indexing improves search quality. The example also shows how prediction can be measured, ranked, and used for recommendation. A repeated emphasis on knowledge graph helps the system surface documents that are both relevant and comparable. In the demo, features and transformer appear across titles, metadata, and body text to support retrieval experiments.",research-lab/artificial-intelligence-research-lab-1.html | research-lab/artificial-intelligence-research-lab-2.html | industry-news/artificial-intelligence-industry-news-2.html | industry-news/artificial-intelligence-industry-news-2.html | knowledge-hub/agritech-and-farming-knowledge-hub-1.html | research-lab/finance-intelligence-research-lab-1.html
DOC010,Artificial Intelligence: Features for Industry News,Artificial Intelligence,Industry News,industry-news,industry-news/artificial-intelligence-industry-news-2.html,2025-01-11,Editorial Desk Industry News,"machine learning, transformer, classification, features, inference, optimization","A practical overview of features, prediction and inference for artificial intelligence.","In the demo, classification and optimization appear across titles, metadata, and body text to support retrieval experiments. This artificial intelligence briefing connects features with prediction in a practical workflow. The example also shows how transformer can be measured, ranked, and used for recommendation. The article explains how inference influences machine learning and why careful indexing improves search quality. A repeated emphasis on knowledge graph helps the system surface documents that are both relevant and comparable.

The example also shows how inference can be measured, ranked, and used for recommendation. This artificial intelligence briefing connects optimization with classification in a practical workflow. In the demo, prediction and features appear across titles, metadata, and body text to support retrieval experiments. A repeated emphasis on machine learning helps the system surface documents that are both relevant and comparable. The article explains how transformer influences knowledge graph and why careful indexing improves search quality.",research-lab/artificial-intelligence-research-lab-1.html | research-lab/artificial-intelligence-research-lab-2.html | industry-news/artificial-intelligence-industry-news-1.html | research-lab/renewable-energy-research-lab-1.html | industry-news/information-retrieval-industry-news-1.html | research-lab/finance-intelligence-research-lab-2.html
DOC011,Artificial Intelligence: Classification for Knowledge Hub,Artificial Intelligence,Knowledge Hub,knowledge-hub,knowledge-hub/artificial-intelligence-knowledge-hub-1.html,2025-01-12,Editorial Desk Knowledge Hub,"machine learning, transformer, classification, features, inference, optimization","A practical overview of classification, optimization and inference for artificial intelligence.","In the demo, prediction and machine learning appear across titles, metadata, and body text to support retrieval experiments. This artificial intelligence briefing connects classification with optimization in a practical workflow. The example also shows how knowledge graph can be measured, ranked, and used for recommendation. The article explains how inference influences features and why careful indexing improves search quality. A repeated emphasis on transformer helps the system surface documents that are both relevant and comparable.

The example also shows how inference can be measured, ranked, and used for recommendation. This artificial intelligence briefing connects machine learning with prediction in a practical workflow. In the demo, optimization and classification appear across titles, metadata, and body text to support retrieval experiments. A repeated emphasis on features helps the system surface documents that are both relevant and comparable. The article explains how knowledge graph influences transformer and why careful indexing improves search quality.",research-lab/artificial-intelligence-research-lab-1.html | research-lab/artificial-intelligence-research-lab-2.html | industry-news/artificial-intelligence-industry-news-1.html | research-lab/renewable-energy-research-lab-2.html | industry-news/finance-intelligence-industry-news-2.html | knowledge-hub/information-retrieval-knowledge-hub-2.html
DOC012,Artificial Intelligence: Machine Learning for Knowledge Hub,Artificial Intelligence,Knowledge Hub,knowledge-hub,knowledge-hub/artificial-intelligence-knowledge-hub-2.html,2025-01-13,Editorial Desk Knowledge Hub,"machine learning, transformer, classification, features, inference, optimization","A practical overview of machine learning, optimization and inference for artificial intelligence.","The example also shows how knowledge graph can be measured, ranked, and used for recommendation. A repeated emphasis on classification helps the system surface documents that are both relevant and comparable. The article explains how inference influences transformer and why careful indexing improves search quality. This artificial intelligence briefing connects machine learning with optimization in a practical workflow. In the demo, features and prediction appear across titles, metadata, and body text to support retrieval experiments.

A repeated emphasis on transformer helps the system surface documents that are both relevant and comparable. This artificial intelligence briefing connects prediction with features in a practical workflow. The article explains how knowledge graph influences classification and why careful indexing improves search quality. In the demo, optimization and machine learning appear across titles, metadata, and body text to support retrieval experiments. The example also shows how inference can be measured, ranked, and used for recommendation.",research-lab/artificial-intelligence-research-lab-1.html | research-lab/artificial-intelligence-research-lab-2.html | industry-news/artificial-intelligence-industry-news-1.html | knowledge-hub/artificial-intelligence-knowledge-hub-1.html | industry-news/finance-intelligence-industry-news-2.html | research-lab/agritech-and-farming-research-lab-2.html
DOC013,Healthcare Analytics: Symptoms for Research Lab,Healthcare Analytics,Research Lab,research-lab,research-lab/healthcare-analytics-research-lab-1.html,2025-01-14,Editorial Desk Research Lab,"clinical notes, patient journey, triage, diagnosis, risk prediction, medical search","A practical overview of symptoms, triage and risk prediction for healthcare analytics.","A repeated emphasis on clinical notes helps the system surface documents that are both relevant and comparable. The example also shows how care pathway can be measured, ranked, and used for recommendation. In the demo, diagnosis and patient journey appear across titles, metadata, and body text to support retrieval experiments. This healthcare analytics briefing connects symptoms with triage in a practical workflow. The article explains how risk prediction influences medical search and why careful indexing improves search quality.

A repeated emphasis on medical search helps the system surface documents that are both relevant and comparable. The article explains how care pathway influences clinical notes and why careful indexing improves search quality. The example also shows how risk prediction can be measured, ranked, and used for recommendation. In the demo, triage and symptoms appear across titles, metadata, and body text to support retrieval experiments. This healthcare analytics briefing connects patient journey with diagnosis in a practical workflow.",research-lab/healthcare-analytics-research-lab-2.html | industry-news/healthcare-analytics-industry-news-1.html | industry-news/healthcare-analytics-industry-news-2.html | knowledge-hub/agritech-and-farming-knowledge-hub-2.html | knowledge-hub/information-retrieval-knowledge-hub-1.html | knowledge-hub/finance-intelligence-knowledge-hub-1.html
DOC014,Healthcare Analytics: Diagnosis for Research Lab,Healthcare Analytics,Research Lab,research-lab,research-lab/healthcare-analytics-research-lab-2.html,2025-01-15,Editorial Desk Research Lab,"clinical notes, patient journey, triage, diagnosis, risk prediction, medical search","A practical overview of diagnosis, symptoms and patient journey for healthcare analytics.","The example also shows how triage can be measured, ranked, and used for recommendation. In the demo, medical search and clinical notes appear across titles, metadata, and body text to support retrieval experiments. This healthcare analytics briefing connects diagnosis with symptoms in a practical workflow. A repeated emphasis on care pathway helps the system surface documents that are both relevant and comparable. The article explains how patient journey influences risk prediction and why careful indexing improves search quality.

This healthcare analytics briefing connects clinical notes with medical search in a practical workflow. The article explains how triage influences care pathway and why careful indexing improves search quality. The example also shows how patient journey can be measured, ranked, and used for recommendation. A repeated emphasis on risk prediction helps the system surface documents that are both relevant and comparable. In the demo, symptoms and diagnosis appear across titles, metadata, and body text to support retrieval experiments.",research-lab/healthcare-analytics-research-lab-1.html | industry-news/healthcare-analytics-industry-news-1.html | industry-news/healthcare-analytics-industry-news-2.html | industry-news/agritech-and-farming-industry-news-2.html | research-lab/finance-intelligence-research-lab-1.html | research-lab/renewable-energy-research-lab-1.html
DOC015,Healthcare Analytics: Symptoms for Industry News,Healthcare Analytics,Industry News,industry-news,industry-news/healthcare-analytics-industry-news-1.html,2025-01-16,Editorial Desk Industry News,"clinical notes, patient journey, triage, diagnosis, risk prediction, medical search","A practical overview of symptoms, risk prediction and medical search for healthcare analytics.","The example also shows how patient journey can be measured, ranked, and used for recommendation. In the demo, care pathway and clinical notes appear across titles, metadata, and body text to support retrieval experiments. This healthcare analytics briefing connects symptoms with risk prediction in a practical workflow. A repeated emphasis on diagnosis helps the system surface documents that are both relevant and comparable. The article explains how medical search influences triage and why careful indexing improves search quality.

This healthcare analytics briefing connects clinical notes with care pathway in a practical workflow. The article explains how patient journey influences diagnosis and why careful indexing improves search quality. The example also shows how medical search can be measured, ranked, and used for recommendation. A repeated emphasis on triage helps the system surface documents that are both relevant and comparable. In the demo, risk prediction and symptoms appear across titles, metadata, and body text to support retrieval experiments.",research-lab/healthcare-analytics-research-lab-1.html | research-lab/healthcare-analytics-research-lab-2.html | industry-news/healthcare-analytics-industry-news-2.html | industry-news/finance-intelligence-industry-news-1.html | industry-news/agritech-and-farming-industry-news-2.html | industry-news/healthcare-analytics-industry-news-1.html
DOC016,Healthcare Analytics: Symptoms for Industry News,Healthcare Analytics,Industry News,industry-news,industry-news/healthcare-analytics-industry-news-2.html,2025-01-17,Editorial Desk Industry News,"clinical notes, patient journey, triage, diagnosis, risk prediction, medical search","A practical overview of symptoms, triage and clinical notes for healthcare analytics.","In the demo, care pathway and diagnosis appear across titles, metadata, and body text to support retrieval experiments. This healthcare analytics briefing connects symptoms with triage in a practical workflow. The example also shows how medical search can be measured, ranked, and used for recommendation. The article explains how clinical notes influences risk prediction and why careful indexing improves search quality. A repeated emphasis on patient journey helps the system surface documents that are both relevant and comparable.

The example also shows how clinical notes can be measured, ranked, and used for recommendation. This healthcare analytics briefing connects diagnosis with care pathway in a practical workflow. In the demo, triage and symptoms appear across titles, metadata, and body text to support retrieval experiments. A repeated emphasis on risk prediction helps the system surface documents that are both relevant and comparable. The article explains how medical search influences patient journey and why careful indexing improves search quality.",research-lab/healthcare-analytics-research-lab-1.html | research-lab/healthcare-analytics-research-lab-2.html | industry-news/healthcare-analytics-industry-news-1.html | research-lab/information-retrieval-research-lab-1.html | industry-news/information-retrieval-industry-news-2.html | industry-news/renewable-energy-industry-news-1.html
DOC017,Healthcare Analytics: Clinical Notes for Knowledge Hub,Healthcare Analytics,Knowledge Hub,knowledge-hub,knowledge-hub/healthcare-analytics-knowledge-hub-1.html,2025-01-18,Editorial Desk Knowledge Hub,"clinical notes, patient journey, triage, diagnosis, risk prediction, medical search","A practical overview of clinical notes, triage and patient journey for healthcare analytics.","In the demo, symptoms and medical search appear across titles, metadata, and body text to support retrieval experiments. This healthcare analytics briefing connects clinical notes with triage in a practical workflow. The example also shows how diagnosis can be measured, ranked, and used for recommendation. The article explains how patient journey influences care pathway and why careful indexing improves search quality. A repeated emphasis on risk prediction helps the system surface documents that are both relevant and comparable.

The example also shows how patient journey can be measured, ranked, and used for recommendation. This healthcare analytics briefing connects medical search with symptoms in a practical workflow. In the demo, triage and clinical notes appear across titles, metadata, and body text to support retrieval experiments. A repeated emphasis on care pathway helps the system surface documents that are both relevant and comparable. The article explains how diagnosis influences risk prediction and why careful indexing improves search quality.",research-lab/healthcare-analytics-research-lab-1.html | research-lab/healthcare-analytics-research-lab-2.html | industry-news/healthcare-analytics-industry-news-1.html | knowledge-hub/renewable-energy-knowledge-hub-2.html | industry-news/healthcare-analytics-industry-news-2.html | research-lab/agritech-and-farming-research-lab-2.html
DOC018,Healthcare Analytics: Care Pathway for Knowledge Hub,Healthcare Analytics,Knowledge Hub,knowledge-hub,knowledge-hub/healthcare-analytics-knowledge-hub-2.html,2025-01-19,Editorial Desk Knowledge Hub,"clinical notes, patient journey, triage, diagnosis, risk prediction, medical search","A practical overview of care pathway, diagnosis and patient journey for healthcare analytics.","The example also shows how clinical notes can be measured, ranked, and used for recommendation. A repeated emphasis on symptoms helps the system surface documents that are both relevant and comparable. The article explains how patient journey influences medical search and why careful indexing improves search quality. This healthcare analytics briefing connects care pathway with diagnosis in a practical workflow. In the demo, triage and risk prediction appear across titles, metadata, and body text to support retrieval experiments.

A repeated emphasis on medical search helps the system surface documents that are both relevant and comparable. This healthcare analytics briefing connects risk prediction with triage in a practical workflow. The article explains how clinical notes influences symptoms and why careful indexing improves search quality. In the demo, diagnosis and care pathway appear across titles, metadata, and body text to support retrieval experiments. The example also shows how patient journey can be measured, ranked, and used for recommendation.",research-lab/healthcare-analytics-research-lab-1.html | research-lab/healthcare-analytics-research-lab-2.html | industry-news/healthcare-analytics-industry-news-1.html | research-lab/finance-intelligence-research-lab-1.html | knowledge-hub/agritech-and-farming-knowledge-hub-2.html | research-lab/renewable-energy-research-lab-1.html
DOC019,Agritech and Farming: Harvest for Research Lab,Agritech and Farming,Research Lab,research-lab,research-lab/agritech-and-farming-research-lab-1.html,2025-01-20,Editorial Desk Research Lab,"soil health, crop yield, weather signals, drip irrigation, sensors, precision farming","A practical overview of harvest, crop yield and soil health for agritech and farming.","A repeated emphasis on sensors helps the system surface documents that are both relevant and comparable. The example also shows how farm advisory can be measured, ranked, and used for recommendation. In the demo, drip irrigation and precision farming appear across titles, metadata, and body text to support retrieval experiments. This agritech and farming briefing connects harvest with crop yield in a practical workflow. The article explains how soil health influences weather signals and why careful indexing improves search quality.

A repeated emphasis on weather signals helps the system surface documents that are both relevant and comparable. The article explains how farm advisory influences sensors and why careful indexing improves search quality. The example also shows how soil health can be measured, ranked, and used for recommendation. In the demo, crop yield and harvest appear across titles, metadata, and body text to support retrieval experiments. This agritech and farming briefing connects precision farming with drip irrigation in a practical workflow.",research-lab/agritech-and-farming-research-lab-2.html | industry-news/agritech-and-farming-industry-news-1.html | industry-news/agritech-and-farming-industry-news-2.html | knowledge-hub/information-retrieval-knowledge-hub-2.html | research-lab/renewable-energy-research-lab-2.html | research-lab/information-retrieval-research-lab-2.html
DOC020,Agritech and Farming: Crop Yield for Research Lab,Agritech and Farming,Research Lab,research-lab,research-lab/agritech-and-farming-research-lab-2.html,2025-01-21,Editorial Desk Research Lab,"soil health, crop yield, weather signals, drip irrigation, sensors, precision farming","A practical overview of crop yield, precision farming and soil health for agritech and farming.","The example also shows how weather signals can be measured, ranked, and used for recommendation. In the demo, drip irrigation and harvest appear across titles, metadata, and body text to support retrieval experiments. This agritech and farming briefing connects crop yield with precision farming in a practical workflow. A repeated emphasis on farm advisory helps the system surface documents that are both relevant and comparable. The article explains how soil health influences sensors and why careful indexing improves search quality.

This agritech and farming briefing connects harvest with drip irrigation in a practical workflow. The article explains how weather signals influences farm advisory and why careful indexing improves search quality. The example also shows how soil health can be measured, ranked, and used for recommendation. A repeated emphasis on sensors helps the system surface documents that are both relevant and comparable. In the demo, precision farming and crop yield appear across titles, metadata, and body text to support retrieval experiments.",research-lab/agritech-and-farming-research-lab-1.html | industry-news/agritech-and-farming-industry-news-1.html | industry-news/agritech-and-farming-industry-news-2.html | research-lab/renewable-energy-research-lab-1.html | industry-news/renewable-energy-industry-news-2.html | research-lab/agritech-and-farming-research-lab-1.html
DOC021,Agritech and Farming: Weather Signals for Industry News,Agritech and Farming,Industry News,industry-news,industry-news/agritech-and-farming-industry-news-1.html,2025-01-22,Editorial Desk Industry News,"soil health, crop yield, weather signals, drip irrigation, sensors, precision farming","A practical overview of weather signals, precision farming and drip irrigation for agritech and farming.","The example also shows how farm advisory can be measured, ranked, and used for recommendation. In the demo, crop yield and soil health appear across titles, metadata, and body text to support retrieval experiments. This agritech and farming briefing connects weather signals with precision farming in a practical workflow. A repeated emphasis on harvest helps the system surface documents that are both relevant and comparable. The article explains how drip irrigation influences sensors and why careful indexing improves search quality.

This agritech and farming briefing connects soil health with crop yield in a practical workflow. The article explains how farm advisory influences harvest and why careful indexing improves search quality. The example also shows how drip irrigation can be measured, ranked, and used for recommendation. A repeated emphasis on sensors helps the system surface documents that are both relevant and comparable. In the demo, precision farming and weather signals appear across titles, metadata, and body text to support retrieval experiments.",research-lab/agritech-and-farming-research-lab-1.html | research-lab/agritech-and-farming-research-lab-2.html | industry-news/agritech-and-farming-industry-news-2.html | industry-news/agritech-and-farming-industry-news-1.html | knowledge-hub/information-retrieval-knowledge-hub-2.html | industry-news/agritech-and-farming-industry-news-2.html
DOC022,Agritech and Farming: Crop Yield for Industry News,Agritech and Farming,Industry News,industry-news,industry-news/agritech-and-farming-industry-news-2.html,2025-01-23,Editorial Desk Industry News,"soil health, crop yield, weather signals, drip irrigation, sensors, precision farming","A practical overview of crop yield, precision farming and drip irrigation for agritech and farming.","In the demo, sensors and harvest appear across titles, metadata, and body text to support retrieval experiments. This agritech and farming briefing connects crop yield with precision farming in a practical workflow. The example also shows how farm advisory can be measured, ranked, and used for recommendation. The article explains how drip irrigation influences soil health and why careful indexing improves search quality. A repeated emphasis on weather signals helps the system surface documents that are both relevant and comparable.

The example also shows how drip irrigation can be measured, ranked, and used for recommendation. This agritech and farming briefing connects harvest with sensors in a practical workflow. In the demo, precision farming and crop yield appear across titles, metadata, and body text to support retrieval experiments. A repeated emphasis on soil health helps the system surface documents that are both relevant and comparable. The article explains how farm advisory influences weather signals and why careful indexing improves search quality.",research-lab/agritech-and-farming-research-lab-1.html | research-lab/agritech-and-farming-research-lab-2.html | industry-news/agritech-and-farming-industry-news-1.html | research-lab/information-retrieval-research-lab-1.html | knowledge-hub/finance-intelligence-knowledge-hub-1.html | research-lab/artificial-intelligence-research-lab-1.html
DOC023,Agritech and Farming: Weather Signals for Knowledge Hub,Agritech and Farming,Knowledge Hub,knowledge-hub,knowledge-hub/agritech-and-farming-knowledge-hub-1.html,2025-01-24,Editorial Desk Knowledge Hub,"soil health, crop yield, weather signals, drip irrigation, sensors, precision farming","A practical overview of weather signals, sensors and farm advisory for agritech and farming.","In the demo, drip irrigation and precision farming appear across titles, metadata, and body text to support retrieval experiments. This agritech and farming briefing connects weather signals with sensors in a practical workflow. The example also shows how crop yield can be measured, ranked, and used for recommendation. The article explains how farm advisory influences soil health and why careful indexing improves search quality. A repeated emphasis on harvest helps the system surface documents that are both relevant and comparable.

The example also shows how farm advisory can be measured, ranked, and used for recommendation. This agritech and farming briefing connects precision farming with drip irrigation in a practical workflow. In the demo, sensors and weather signals appear across titles, metadata, and body text to support retrieval experiments. A repeated emphasis on soil health helps the system surface documents that are both relevant and comparable. The article explains how crop yield influences harvest and why careful indexing improves search quality.",research-lab/agritech-and-farming-research-lab-1.html | research-lab/agritech-and-farming-research-lab-2.html | industry-news/agritech-and-farming-industry-news-1.html | knowledge-hub/renewable-energy-knowledge-hub-2.html | research-lab/artificial-intelligence-research-lab-2.html | industry-news/healthcare-analytics-industry-news-1.html
DOC024,Agritech and Farming: Harvest for Knowledge Hub,Agritech and Farming,Knowledge Hub,knowledge-hub,knowledge-hub/agritech-and-farming-knowledge-hub-2.html,2025-01-25,Editorial Desk Knowledge Hub,"soil health, crop yield, weather signals, drip irrigation, sensors, precision farming","A practical overview of harvest, weather signals and crop yield for agritech and farming.","The example also shows how drip irrigation can be measured, ranked, and used for recommendation. A repeated emphasis on sensors helps the system surface documents that are both relevant and comparable. The article explains how crop yield influences farm advisory and why careful indexing improves search quality. This agritech and farming briefing connects harvest with weather signals in a practical workflow. In the demo, soil health and precision farming appear across titles, metadata, and body text to support retrieval experiments.

A repeated emphasis on farm advisory helps the system surface documents that are both relevant and comparable. This agritech and farming briefing connects precision farming with soil health in a practical workflow. The article explains how drip irrigation influences sensors and why careful indexing improves search quality. In the demo, weather signals and harvest appear across titles, metadata, and body text to support retrieval experiments. The example also shows how crop yield can be measured, ranked, and used for recommendation.",research-lab/agritech-and-farming-research-lab-1.html | research-lab/agritech-and-farming-research-lab-2.html | industry-news/agritech-and-farming-industry-news-1.html | industry-news/agritech-and-farming-industry-news-2.html | industry-news/information-retrieval-industry-news-1.html | knowledge-hub/information-retrieval-knowledge-hub-1.html
DOC025,Renewable Energy: Wind Farms for Research Lab,Renewable Energy,Research Lab,research-lab,research-lab/renewable-energy-research-lab-1.html,2025-01-26,Editorial Desk Research Lab,"solar forecasting, wind farms, grid balancing, battery storage, carbon reduction, smart meters","A practical overview of wind farms, efficiency and clean power for renewable energy.","A repeated emphasis on smart meters helps the system surface documents that are both relevant and comparable. The example also shows how carbon reduction can be measured, ranked, and used for recommendation. In the demo, grid balancing and solar forecasting appear across titles, metadata, and body text to support retrieval experiments. This renewable energy briefing connects wind farms with efficiency in a practical workflow. The article explains how clean power influences battery storage and why careful indexing improves search quality.

A repeated emphasis on battery storage helps the system surface documents that are both relevant and comparable. The article explains how carbon reduction influences smart meters and why careful indexing improves search quality. The example also shows how clean power can be measured, ranked, and used for recommendation. In the demo, efficiency and wind farms appear across titles, metadata, and body text to support retrieval experiments. This renewable energy briefing connects solar forecasting with grid balancing in a practical workflow.",research-lab/renewable-energy-research-lab-2.html | industry-news/renewable-energy-industry-news-1.html | industry-news/renewable-energy-industry-news-2.html | industry-news/renewable-energy-industry-news-2.html | knowledge-hub/renewable-energy-knowledge-hub-2.html | research-lab/information-retrieval-research-lab-2.html
DOC026,Renewable Energy: Battery Storage for Research Lab,Renewable Energy,Research Lab,research-lab,research-lab/renewable-energy-research-lab-2.html,2025-01-27,Editorial Desk Research Lab,"solar forecasting, wind farms, grid balancing, battery storage, carbon reduction, smart meters","A practical overview of battery storage, efficiency and wind farms for renewable energy.","The example also shows how carbon reduction can be measured, ranked, and used for recommendation. In the demo, smart meters and grid balancing appear across titles, metadata, and body text to support retrieval experiments. This renewable energy briefing connects battery storage with efficiency in a practical workflow. A repeated emphasis on clean power helps the system surface documents that are both relevant and comparable. The article explains how wind farms influences solar forecasting and why careful indexing improves search quality.

This renewable energy briefing connects grid balancing with smart meters in a practical workflow. The article explains how carbon reduction influences clean power and why careful indexing improves search quality. The example also shows how wind farms can be measured, ranked, and used for recommendation. A repeated emphasis on solar forecasting helps the system surface documents that are both relevant and comparable. In the demo, efficiency and battery storage appear across titles, metadata, and body text to support retrieval experiments.",research-lab/renewable-energy-research-lab-1.html | industry-news/renewable-energy-industry-news-1.html | industry-news/renewable-energy-industry-news-2.html | research-lab/agritech-and-farming-research-lab-2.html | industry-news/information-retrieval-industry-news-1.html | industry-news/finance-intelligence-industry-news-2.html
DOC027,Renewable Energy: Efficiency for Industry News,Renewable Energy,Industry News,industry-news,industry-news/renewable-energy-industry-news-1.html,2025-01-28,Editorial Desk Industry News,"solar forecasting, wind farms, grid balancing, battery storage, carbon reduction, smart meters","A practical overview of efficiency, solar forecasting and wind farms for renewable energy.","The example also shows how battery storage can be measured, ranked, and used for recommendation. In the demo, clean power and smart meters appear across titles, metadata, and body text to support retrieval experiments. This renewable energy briefing connects efficiency with solar forecasting in a practical workflow. A repeated emphasis on grid balancing helps the system surface documents that are both relevant and comparable. The article explains how wind farms influences carbon reduction and why careful indexing improves search quality.

This renewable energy briefing connects smart meters with clean power in a practical workflow. The article explains how battery storage influences grid balancing and why careful indexing improves search quality. The example also shows how wind farms can be measured, ranked, and used for recommendation. A repeated emphasis on carbon reduction helps the system surface documents that are both relevant and comparable. In the demo, solar forecasting and efficiency appear across titles, metadata, and body text to support retrieval experiments.",research-lab/renewable-energy-research-lab-1.html | research-lab/renewable-energy-research-lab-2.html | industry-news/renewable-energy-industry-news-2.html | industry-news/finance-intelligence-industry-news-2.html | knowledge-hub/healthcare-analytics-knowledge-hub-2.html | knowledge-hub/artificial-intelligence-knowledge-hub-1.html
DOC028,Renewable Energy: Wind Farms for Industry News,Renewable Energy,Industry News,industry-news,industry-news/renewable-energy-industry-news-2.html,2025-01-29,Editorial Desk Industry News,"solar forecasting, wind farms, grid balancing, battery storage, carbon reduction, smart meters","A practical overview of wind farms, clean power and battery storage for renewable energy.","In the demo, solar forecasting and carbon reduction appear across titles, metadata, and body text to support retrieval experiments. This renewable energy briefing connects wind farms with clean power in a practical workflow. The example also shows how grid balancing can be measured, ranked, and used for recommendation. The article explains how battery storage influences smart meters and why careful indexing improves search quality. A repeated emphasis on efficiency helps the system surface documents that are both relevant and comparable.

The example also shows how battery storage can be measured, ranked, and used for recommendation. This renewable energy briefing connects carbon reduction with solar forecasting in a practical workflow. In the demo, clean power and wind farms appear across titles, metadata, and body text to support retrieval experiments. A repeated emphasis on smart meters helps the system surface documents that are both relevant and comparable. The article explains how grid balancing influences efficiency and why careful indexing improves search quality.",research-lab/renewable-energy-research-lab-1.html | research-lab/renewable-energy-research-lab-2.html | industry-news/renewable-energy-industry-news-1.html | industry-news/agritech-and-farming-industry-news-1.html | research-lab/information-retrieval-research-lab-2.html | research-lab/finance-intelligence-research-lab-2.html
DOC029,Renewable Energy: Clean Power for Knowledge Hub,Renewable Energy,Knowledge Hub,knowledge-hub,knowledge-hub/renewable-energy-knowledge-hub-1.html,2025-01-30,Editorial Desk Knowledge Hub,"solar forecasting, wind farms, grid balancing, battery storage, carbon reduction, smart meters","A practical overview of clean power, carbon reduction and efficiency for renewable energy.","In the demo, battery storage and grid balancing appear across titles, metadata, and body text to support retrieval experiments. This renewable energy briefing connects clean power with carbon reduction in a practical workflow. The example also shows how wind farms can be measured, ranked, and used for recommendation. The article explains how efficiency influences smart meters and why careful indexing improves search quality. A repeated emphasis on solar forecasting helps the system surface documents that are both relevant and comparable.

The example also shows how efficiency can be measured, ranked, and used for recommendation. This renewable energy briefing connects grid balancing with battery storage in a practical workflow. In the demo, carbon reduction and clean power appear across titles, metadata, and body text to support retrieval experiments. A repeated emphasis on smart meters helps the system surface documents that are both relevant and comparable. The article explains how wind farms influences solar forecasting and why careful indexing improves search quality.",research-lab/renewable-energy-research-lab-1.html | research-lab/renewable-energy-research-lab-2.html | industry-news/renewable-energy-industry-news-1.html | research-lab/finance-intelligence-research-lab-1.html | industry-news/finance-intelligence-industry-news-2.html | research-lab/healthcare-analytics-research-lab-1.html
DOC030,Renewable Energy: Solar Forecasting for Knowledge Hub,Renewable Energy,Knowledge Hub,knowledge-hub,knowledge-hub/renewable-energy-knowledge-hub-2.html,2025-01-31,Editorial Desk Knowledge Hub,"solar forecasting, wind farms, grid balancing, battery storage, carbon reduction, smart meters","A practical overview of solar forecasting, carbon reduction and clean power for renewable energy.","The example also shows how wind farms can be measured, ranked, and used for recommendation. A repeated emphasis on battery storage helps the system surface documents that are both relevant and comparable. The article explains how clean power influences grid balancing and why careful indexing improves search quality. This renewable energy briefing connects solar forecasting with carbon reduction in a practical workflow. In the demo, smart meters and efficiency appear across titles, metadata, and body text to support retrieval experiments.

A repeated emphasis on grid balancing helps the system surface documents that are both relevant and comparable. This renewable energy briefing connects efficiency with smart meters in a practical workflow. The article explains how wind farms influences battery storage and why careful indexing improves search quality. In the demo, carbon reduction and solar forecasting appear across titles, metadata, and body text to support retrieval experiments. The example also shows how clean power can be measured, ranked, and used for recommendation.",research-lab/renewable-energy-research-lab-1.html | research-lab/renewable-energy-research-lab-2.html | industry-news/renewable-energy-industry-news-1.html | industry-news/artificial-intelligence-industry-news-1.html | research-lab/renewable-energy-research-lab-2.html | research-lab/healthcare-analytics-research-lab-1.html
DOC031,Finance Intelligence: Portfolio for Research Lab,Finance Intelligence,Research Lab,research-lab,research-lab/finance-intelligence-research-lab-1.html,2025-02-01,Editorial Desk Research Lab,"portfolio, risk management, fraud detection, market signals, credit scoring, compliance","A practical overview of portfolio, market signals and alternative data for finance intelligence.","A repeated emphasis on risk management helps the system surface documents that are both relevant and comparable. The example also shows how fraud detection can be measured, ranked, and used for recommendation. In the demo, trading and compliance appear across titles, metadata, and body text to support retrieval experiments. This finance intelligence briefing connects portfolio with market signals in a practical workflow. The article explains how alternative data influences credit scoring and why careful indexing improves search quality.

A repeated emphasis on credit scoring helps the system surface documents that are both relevant and comparable. The article explains how fraud detection influences risk management and why careful indexing improves search quality. The example also shows how alternative data can be measured, ranked, and used for recommendation. In the demo, market signals and portfolio appear across titles, metadata, and body text to support retrieval experiments. This finance intelligence briefing connects compliance with trading in a practical workflow.",research-lab/finance-intelligence-research-lab-2.html | industry-news/finance-intelligence-industry-news-1.html | industry-news/finance-intelligence-industry-news-2.html | industry-news/finance-intelligence-industry-news-1.html | knowledge-hub/renewable-energy-knowledge-hub-2.html | knowledge-hub/finance-intelligence-knowledge-hub-1.html
DOC032,Finance Intelligence: Credit Scoring for Research Lab,Finance Intelligence,Research Lab,research-lab,research-lab/finance-intelligence-research-lab-2.html,2025-02-02,Editorial Desk Research Lab,"portfolio, risk management, fraud detection, market signals, credit scoring, compliance","A practical overview of credit scoring, market signals and trading for finance intelligence.","The example also shows how portfolio can be measured, ranked, and used for recommendation. In the demo, risk management and alternative data appear across titles, metadata, and body text to support retrieval experiments. This finance intelligence briefing connects credit scoring with market signals in a practical workflow. A repeated emphasis on fraud detection helps the system surface documents that are both relevant and comparable. The article explains how trading influences compliance and why careful indexing improves search quality.

This finance intelligence briefing connects alternative data with risk management in a practical workflow. The article explains how portfolio influences fraud detection and why careful indexing improves search quality. The example also shows how trading can be measured, ranked, and used for recommendation. A repeated emphasis on compliance helps the system surface documents that are both relevant and comparable. In the demo, market signals and credit scoring appear across titles, metadata, and body text to support retrieval experiments.",research-lab/finance-intelligence-research-lab-1.html | industry-news/finance-intelligence-industry-news-1.html | industry-news/finance-intelligence-industry-news-2.html | research-lab/renewable-energy-research-lab-2.html | industry-news/artificial-intelligence-industry-news-2.html | knowledge-hub/information-retrieval-knowledge-hub-1.html
DOC033,Finance Intelligence: Risk Management for Industry News,Finance Intelligence,Industry News,industry-news,industry-news/finance-intelligence-industry-news-1.html,2025-02-03,Editorial Desk Industry News,"portfolio, risk management, fraud detection, market signals, credit scoring, compliance","A practical overview of risk management, compliance and portfolio for finance intelligence.","The example also shows how market signals can be measured, ranked, and used for recommendation. In the demo, credit scoring and alternative data appear across titles, metadata, and body text to support retrieval experiments. This finance intelligence briefing connects risk management with compliance in a practical workflow. A repeated emphasis on trading helps the system surface documents that are both relevant and comparable. The article explains how portfolio influences fraud detection and why careful indexing improves search quality.

This finance intelligence briefing connects alternative data with credit scoring in a practical workflow. The article explains how market signals influences trading and why careful indexing improves search quality. The example also shows how portfolio can be measured, ranked, and used for recommendation. A repeated emphasis on fraud detection helps the system surface documents that are both relevant and comparable. In the demo, compliance and risk management appear across titles, metadata, and body text to support retrieval experiments.",research-lab/finance-intelligence-research-lab-1.html | research-lab/finance-intelligence-research-lab-2.html | industry-news/finance-intelligence-industry-news-2.html | knowledge-hub/renewable-energy-knowledge-hub-2.html | research-lab/agritech-and-farming-research-lab-2.html | knowledge-hub/information-retrieval-knowledge-hub-2.html
DOC034,Finance Intelligence: Risk Management for Industry News,Finance Intelligence,Industry News,industry-news,industry-news/finance-intelligence-industry-news-2.html,2025-02-04,Editorial Desk Industry News,"portfolio, risk management, fraud detection, market signals, credit scoring, compliance","A practical overview of risk management, fraud detection and trading for finance intelligence.","In the demo, credit scoring and alternative data appear across titles, metadata, and body text to support retrieval experiments. This finance intelligence briefing connects risk management with fraud detection in a practical workflow. The example also shows how market signals can be measured, ranked, and used for recommendation. The article explains how trading influences portfolio and why careful indexing improves search quality. A repeated emphasis on compliance helps the system surface documents that are both relevant and comparable.

The example also shows how trading can be measured, ranked, and used for recommendation. This finance intelligence briefing connects alternative data with credit scoring in a practical workflow. In the demo, fraud detection and risk management appear across titles, metadata, and body text to support retrieval experiments. A repeated emphasis on portfolio helps the system surface documents that are both relevant and comparable. The article explains how market signals influences compliance and why careful indexing improves search quality.",research-lab/finance-intelligence-research-lab-1.html | research-lab/finance-intelligence-research-lab-2.html | industry-news/finance-intelligence-industry-news-1.html | industry-news/finance-intelligence-industry-news-1.html | industry-news/renewable-energy-industry-news-1.html | industry-news/information-retrieval-industry-news-1.html
DOC035,Finance Intelligence: Portfolio for Knowledge Hub,Finance Intelligence,Knowledge Hub,knowledge-hub,knowledge-hub/finance-intelligence-knowledge-hub-1.html,2025-02-05,Editorial Desk Knowledge Hub,"portfolio, risk management, fraud detection, market signals, credit scoring, compliance","A practical overview of portfolio, credit scoring and trading for finance intelligence.","In the demo, risk management and market signals appear across titles, metadata, and body text to support retrieval experiments. This finance intelligence briefing connects portfolio with credit scoring in a practical workflow. The example also shows how fraud detection can be measured, ranked, and used for recommendation. The article explains how trading influences compliance and why careful indexing improves search quality. A repeated emphasis on alternative data helps the system surface documents that are both relevant and comparable.

The example also shows how trading can be measured, ranked, and used for recommendation. This finance intelligence briefing connects market signals with risk management in a practical workflow. In the demo, credit scoring and portfolio appear across titles, metadata, and body text to support retrieval experiments. A repeated emphasis on compliance helps the system surface documents that are both relevant and comparable. The article explains how fraud detection influences alternative data and why careful indexing improves search quality.",research-lab/finance-intelligence-research-lab-1.html | research-lab/finance-intelligence-research-lab-2.html | industry-news/finance-intelligence-industry-news-1.html | knowledge-hub/finance-intelligence-knowledge-hub-1.html | research-lab/healthcare-analytics-research-lab-1.html | industry-news/information-retrieval-industry-news-2.html
DOC036,Finance Intelligence: Fraud Detection for Knowledge Hub,Finance Intelligence,Knowledge Hub,knowledge-hub,knowledge-hub/finance-intelligence-knowledge-hub-2.html,2025-02-06,Editorial Desk Knowledge Hub,"portfolio, risk management, fraud detection, market signals, credit scoring, compliance","A practical overview of fraud detection, compliance and alternative data for finance intelligence.","The example also shows how market signals can be measured, ranked, and used for recommendation. A repeated emphasis on trading helps the system surface documents that are both relevant and comparable. The article explains how alternative data influences risk management and why careful indexing improves search quality. This finance intelligence briefing connects fraud detection with compliance in a practical workflow. In the demo, credit scoring and portfolio appear across titles, metadata, and body text to support retrieval experiments.

A repeated emphasis on risk management helps the system surface documents that are both relevant and comparable. This finance intelligence briefing connects portfolio with credit scoring in a practical workflow. The article explains how market signals influences trading and why careful indexing improves search quality. In the demo, compliance and fraud detection appear across titles, metadata, and body text to support retrieval experiments. The example also shows how alternative data can be measured, ranked, and used for recommendation.",research-lab/finance-intelligence-research-lab-1.html | research-lab/finance-intelligence-research-lab-2.html | industry-news/finance-intelligence-industry-news-1.html | industry-news/renewable-energy-industry-news-2.html | knowledge-hub/artificial-intelligence-knowledge-hub-1.html | research-lab/renewable-energy-research-lab-1.html
